titulo,subtitulo,texto,data,url,portal
TJRJ anula sessão que elegeu Douglas Ruas como presidente da Alerj,Decisão ocorre horas após sessão extraordinária que elegeu parlamentar com 45 votos,"O Tribunal de Justiça do Rio (TJRJ) anulou nesta quinta-feira (26) a sessão que elegeu Douglas Ruas (PL) como novo presidente da Assembleia Legislativa do Estado do Rio (Alerj).

A decisão foi tomada poucas horas depois da sessão extraordinária convocada pelo presidente em exercício da Casa, Guilherme Delaroli (PL), na qual Ruas recebeu 45 votos favoráveis.

Segundo o documento, o PDT entrou com um Mandado de Segurança alegando que a Alerj fez uma “manobra”, já que com a saída de Rodrigo Bacellar seria necessário refazer o cálculo do quociente eleitoral. O partido argumenta que isso poderia alterar a composição do Parlamento e abrir espaço para novos candidatos à Presidência.

“(...) a ponto de iniciar o processo de escolha do novo Presidente, mas não se reconheceu a perda do mandato parlamentar em si, tampouco a impostergável retotalização dos votos, que poderia culminar, inclusive, na alteração da própria composição do Parlamento, com o potencial surgimento de novos eleitores e candidatos”.

O PDT também alegou que o Regimento Interno da Alerj exige prazo de 48 horas entre a publicação do edital e a votação. No caso, o edital foi publicado e votado no mesmo dia.

Com a posse, Ruas ficaria apto a assumir o governo estadual, já que a linha sucessória prevê o presidente da Assembleia como substituto. Atualmente, quem responde pelo governo do Rio é o presidente do TJRJ, desembargador Ricardo Couto de Castro.

*Em atualização",2026-03-26 19:04:18-03:00,https://www.cnnbrasil.com.br/politica/tjrj-anula-sessao-que-elegeu-douglas-ruas-como-presidente-da-alerj/,cnnbrasil
Análise: Irã resiste às negociações da guerra que os EUA iniciaram,"Trump afirma que Teerã deseja acordo, mas não há sinais públicos de que o país esteja disposto a recuar na crise desencadeada pelo presidente americano","Trump afirma que Teerã deseja acordo, mas não há sinais públicos de que o país esteja disposto a recuar na crise desencadeada pelo presidente americano

O Irã não parece estar suscetível à arte da negociação. Enquanto isso, o presidente dos EUA, Donald Trump, está desesperado para vender a história de que a República Islâmica está pronta para encerrar a guerra.

Mas ainda não há nenhum sinal público de Teerã de que esteja disposto a ajudá-lo a recuar de uma crise que ele próprio desencadeou ao destruir o esforço diplomático anterior há quase quatro semanas.

""Eles querem fazer um acordo tão desesperadamente, mas têm medo de dizer isso porque acham que serão mortos por seu próprio povo"", disse Trump a integrantes do Congresso na quarta-feira (25).

""Eles também têm medo de serem mortos por nós"", afirmou, no mais recente comentário desconcertante sobre o conflito.

A desconexão lança dúvidas sobre as alegações de Trump de que uma descoberta poderia ser iminente, mesmo enquanto o impulso cresce inexoravelmente em direção a uma perigosa escalada do conflito — com milhares de tropas americanas a caminho da região.

Qualquer decisão de enviá-las para ação representaria um enorme risco para Trump, pois poderia resultar em significativas baixas americanas. Isso provocaria choques econômicos muito piores do que os já causados pelo fechamento do Estreito de Ormuz pelo Irã.

E uma guerra prolongada poderia consumir o segundo mandato e o legado do presidente, depois que ele conquistou o poder insistindo que acabaria com guerras, não as iniciaria.

A necessidade de negociações, portanto, não poderia ser mais urgente.

Mas as esperanças de diplomacia são obscurecidas por esta questão: Já é tarde demais, mais de três semanas após o início do confronto, para negociar uma saída?

Trump sempre prosperou reformulando as percepções públicas da realidade. Mas é necessária substância real se ele quiser construir uma saída que preserve sua própria credibilidade e evite concessões ao Irã q",2026-03-26 18:31:26-03:00,https://www.cnnbrasil.com.br/internacional/analise-ira-resiste-as-negociacoes-da-guerra-que-os-eua-iniciaram/,cnnbrasil
"Safra de cana-de-açúcar cresce e muda perfil: mais etanol, menos açúcar","Cenário reforça protagonismo do biocombustível diante da maior demanda interna, políticas de descarbonização e melhor rentabilidade","A produção brasileira de cana-de-açúcar deve superar as 677 milhões de toneladas na safra 2026/27, registrando uma alta de 3,15% em relação à safra anterior. O avanço será impulsionado pela produção da região Centro-Sul, que vai moer 620 milhões de toneladas no período, volume 3,68%, maior que o obtido no ciclo anterior. As projeções são da empresa de consultoria Safras & Mercado, que aponta que as regiões Norte e Nordeste devem registrar retração na produção, refletindo condições menos favoráveis.

Essa é a segunda estimativa da Safras & Mercado. Embora as projeções se mantenham na mesma linha da primeira estimativa, o novo levantamento já considera os impactos da guerra no Oriente no mercado interno. ""O que acarretou em concentração maior da produção de etanol e queda maior tanto na produção quanto exportação de açúcar"", avalia Maurício Muruci, analista de açúcar e etanol da consultoria Safras & Mercado.

Muruci explica também que a retração de 1,8% na produção do Nordeste e de 7,5% na produção da região Norte se devem ao fato de essas regiões serem tradicionalmente focadas na produção de açúcar, ""e como os preços estão baixos desde dezembro, apesar de recentes altas, que serviram apenas para tirar os preços da condição crítica, produtores vão moer menos cana"", diz.

O destaque da nova safra é a melhor qualidade da matéria-prima. O ATR (Açúcares Totais Recuperáveis), que indica a quantidade de açúcar da cana, deve subir 2,22%, indicando maior eficiência industrial na produção.",2026-03-26 17:30:30-03:00,https://www.cnnbrasil.com.br/blogs/luciana-franco/agro/safra-de-cana-de-acucar-cresce-e-muda-perfil-mais-etanol-menos-acucar/,cnnbrasil
Câmera de segurança registra impacto de míssil iraniano em Israel; veja,"Ataque atingiu carro estacionado em Kafr Qassem, cidade próxima a Tel Aviv; duas pessoas escaparam momentos antes do impacto","Ataque atingiu carro estacionado em Kafr Qassem, cidade próxima a Tel Aviv; duas pessoas escaparam momentos antes do impacto

Câmera de segurança registra impacto de míssil iraniano em Israel; veja

Uma câmera de segurança registrou o momento em que um míssil atingiu um carro estacionado em uma rua na cidade de Kafr Qassem, próxima a Tel Aviv, na manhã desta quinta-feira (26). Duas pessoas saíram do local segundos antes do ataque, que lançou o veículo para o ar.

A Reuters conseguiu identificar o local a partir do traçado das ruas, edifícios e árvores, além de confirmar a data pelo carimbo das câmeras de vigilância.

O IDF confirmou que mísseis foram lançados do Irã em direção ao território de Israel nesta quinta-feira (26). Imagens registradas mostraram danos na área.

Após o impacto, autoridades israelenses inspecionaram o local e iniciaram a limpeza dos destroços.

Autoridades israelenses inspecionam local de danos em Kafr Qassem • Reuters

O presidente dos Estados Unidos, Donald Trump, afirmou que o Irã estava desesperado para fechar um acordo e encerrar quase quatro semanas de conflito.

A declaração contrasta com a do ministro das Relações Exteriores iraniano, que disse que o país analisava uma proposta dos EUA, mas não tinha intenção de iniciar negociações para encerrar o conflito.",2026-03-26 07:58:01-03:00,https://www.cnnbrasil.com.br/internacional/camera-de-seguranca-registra-impacto-de-missil-iraniano-em-israel-veja/,cnnbrasil
Análise: Decisão de Mendonça sobre CPMI provoca reação interna no STF,Matheus Teixeira relata que ministros avaliam que prorrogação da comissão é atribuição exclusiva do Legislativo e decisão monocrática pode criar precedente,"Matheus Teixeira relata que ministros avaliam que prorrogação da comissão é atribuição exclusiva do Legislativo e decisão monocrática pode criar precedente

A decisão do ministro André Mendonça de prorrogar a CPMI do INSS provocou desconforto entre ministros do Supremo Tribunal Federal (STF). Segundo informações obtidas pelo analista de política Matheus Teixeira, há um incômodo na Corte com a medida, que é vista como uma interferência indevida nas atribuições do Poder Legislativo.

Teixeira contou, durante o Bastidores CNN desta quinta-feira (26), que de acordo com relatos de ao menos dois ministros, existe uma percepção de que Mendonça ultrapassou limites ao determinar a continuidade dos trabalhos da comissão parlamentar mista de inquérito.

""Na percepção de uma parte do Supremo é de que Mendonça foi além. Ele se escora em uma jurisprudência do STF de que havendo um terço de assinaturas dos parlamentares, um fato determinado e um prazo definido, a CPI tem que ser instalada. Mas nesse caso, não estamos falando de instalação, mas de prorrogação"", explica o analista.

O caso representa a primeira vez que o Supremo discutirá especificamente a prorrogação de uma comissão parlamentar de inquérito. Na visão dos ministros contrários à decisão de Mendonça, a prerrogativa de estender os trabalhos de uma CPMI pertence exclusivamente ao presidente do Senado e não poderia sofrer interferências da Corte.

""O presidente do Senado e da Câmara não estão ali à toa, eles receberam o aval da maioria e, portanto, estão no cargo chancelados da maioria do Legislativo, e por isso eles têm esse poder"", destaca Teixeira.

O caso ganha complexidade adicional porque pode estabelecer um precedente para situações futuras, como a possível CPI do Banco Master, tema que também envolveria o próprio Supremo na crise.

Para derrubar a decisão monocrática de André Mendonça, serão necessários seis votos no plenário do STF. Embora haja indicações de desconforto entre os ministros, o resultado ainda é co",2026-03-26 16:08:14-03:00,https://www.cnnbrasil.com.br/politica/analise-decisao-de-mendonca-sobre-cpmi-provoca-reacao-interna-no-stf/,cnnbrasil
"Gilmar chama vazamentos de “vexame” e cobra ""desculpas"" de parlamentares","Ministro classificou episódio como ""falta total de escrúpulo"" durante sessão plenária do Supremo","O ministro Gilmar Mendes, do STF (Supremo Tribunal Federal), definiu como ""vexame"" o vazamento de dados e conversas íntimas durante a CPMI (Comissão Parlamentar Mista de Inquérito) do INSS.

O magistrado disse ainda que parlamentares deveriam se desculpar pelo ocorrido.

""Mas o problema maior é depois a falta de total escrúpulo. Porque se divulga, confiada na impunidade. Tem pessoas já velhas, com mais de 60 anos entrando na sala-cofre para depois ficar contando coisa que nada tem a ver com a investigação"", declarou.

""Isso é indigno. Não é bom para os senhores, para o parlamento, para as instituições. Os senhores não pediram desculpas ainda por esse episódio lamentável!"", completou o magistrado.

A manifestação ocorreu nesta quinta-feira (26), durante o julgamento no plenário da Corte, que analisa a decisão do ministro André Mendonça sobre a prorrogação da CPMI do INSS. O relator foi o primeiro a votar e já se manifestou pelo referendo da liminar, propondo a prorrogação do colegiado por 60 dias.

Ao pedir a palavra durante o voto do ministro Alexandre de Moraes, Gilmar afirmou que não existe quebra de sigilo em bloco sem individualização ou justificativa adequada, como ocorreu na comissão. O magistrado disse, ainda, que as informações foram divulgadas ""confiadas na impunidade"" dos parlamentares.

Não é a primeira vez que o decano sobe o tom e critica os vazamentos. No início de março, Gilmar afirmou que a exposição de conversas privadas sem qualquer relação com crimes é uma ""gravíssima violação ao direito à intimidade"".

A declaração foi feita nas redes sociais do ministro, ao comentar reportagem sobre a intenção da empresária Martha Graeff de acionar a Justiça após a divulgação de mensagens com Daniel Vorcaro.",2026-03-26 17:08:41-03:00,https://www.cnnbrasil.com.br/politica/gilmar-chama-vazamentos-de-vexame-e-cobra-desculpas-de-parlamentares/,cnnbrasil
"De olho em Flávio, Lula reúne ministros e pede foco em pré-campanha",Preocupação do Planalto se apoia em pesquisas recentes que mostram empate técnico entre o presidente e o pré-candidato do PL,"Preocupação do Planalto se apoia em pesquisas recentes que mostram empate técnico entre o presidente e o pré-candidato do PL

De olho em Flávio, Lula reúne ministros e pede foco em pré-campanha

O presidente Luiz Inácio Lula da Silva (PT) tem feito reuniões semanais com ministros palacianos com objetivo de avaliar conjuntamente o cenário político para o governo, em meio às articulações sobre eleição.

Nesta semana, após mais uma conversa, Lula pediu que determinou que ministros com atuação na pré-campanha concentrem esforços, desde já, no primeiro turno das eleições.

A preocupação do presidente se apoia em pesquisas recentes que mostram um cenário de empate técnico em um eventual segundo turno entre Lula e o senador Flávio Bolsonaro (PL).

Nesses encontros, Lula também tentado entender sobre a dificuldade de as medidas consideradas positivas pelo governo não chegarem com clareza ao eleitorado, nem refletirem em melhora nas pesquisas.

A exemplo da ampliação da isenção do IR (Imposto de Renda), considerada uma das principais apostas econômicas do governo para aumentar a renda disponível.

O Planalto teria encomendado uma pesquisa apontando para dois elementos que continuam corroendo a renda dos brasileiros: juros elevados e o crescimento das apostas online, as chamadas bets.

A avaliação dentro do governo é que esses fatores acabam drenando parte relevante da renda das famílias, dificultando a percepção de melhora nas condições de vida.

Lula também demonstra preocupação com a disseminação de fake news durante o processo eleitoral e com a “máquina” de comunicação do campo adversário.",2026-03-26 11:29:18-03:00,https://www.cnnbrasil.com.br/blogs/taina-falcao/eleicoes/de-olho-em-flavio-lula-reune-ministros-e-pede-foco-em-pre-campanha/,cnnbrasil
"Guerra no Oriente Médio pode afetar custo de medicamentos, diz Ministério",Ministério da Saúde monitora possíveis impactos logísticos e de custos provocados pelo conflito,"Fernanda de Negri, secretária de Ciência, Tecnologia e Inovação em Saúde do Ministério da Saúde

O governo brasileiro monitora possíveis impactos da guerra no Oriente Médio sobre a cadeia de produção e abastecimento de medicamentos no país.

Em evento realizado no Rio de Janeiro nesta quinta-feira (26), a secretária de Ciência, Tecnologia e Inovação em Saúde do Ministério da Saúde, Fernanda de Negri, afirmou que a pasta acompanha de perto os reflexos que conflitos geopolíticos podem causar nas cadeias globais de produção e distribuição.

Segundo ela, guerras e tensões internacionais costumam provocar efeitos indiretos em diferentes setores da economia, especialmente na logística e no fornecimento de insumos.

“A gente tem monitorado com os setores e com as indústrias para saber o que pode ocasionar problemas nas cadeias. O ministro Padilha tem falado muito que toda guerra, todo conflito geopolítico afeta as cadeias de valor, a cadeia logística e a cadeia de fornecimento.”

A secretária explicou que a região do conflito é estratégica para a economia mundial, especialmente por concentrar rotas importantes de transporte de petróleo, insumo essencial para a indústria farmoquímica. Apesar disso, até o momento não há indícios de risco de desabastecimento de medicamentos no Brasil.

“O Estreito de Ormuz é uma região por onde passa cerca de 40% do petróleo mundial. Boa parte da indústria farmoquímica da Índia e da China, que são grandes fornecedores nossos, precisa desse petróleo para produzir. Então pode haver algum impacto em termos de custo de produção e de custos logísticos, mas, por enquanto, não temos um alerta de que vai faltar medicamento.”

Fernanda de Negri destacou ainda que ampliar a capacidade de produção nacional de medicamentos é uma estratégia para reduzir a dependência externa e proteger o país em cenários de instabilidade internacional.

“A gente ter capacidade de produzir aqui deixa o paciente brasileiro com mais garantias de que esse medicamento não vai ",2026-03-26 15:16:12-03:00,https://www.cnnbrasil.com.br/saude/guerra-no-oriente-medio-pode-afetar-custo-de-medicamentos-diz-ministerio/,cnnbrasil
Pacheco janta com Campos e filiação de senador ao PSB avança,João Campos teria formalizado convite e senador prometido resposta nos próximos dias,"Pacheco janta com Campos e filiação de senador ao PSB avança | BASTIDORES CNN

Pacheco janta com Campos e filiação de senador ao PSB avança | BASTIDORES CNN

João Campos teria formalizado convite e senador prometido resposta nos próximos dias

Pacheco janta com Campos e filiação de senador ao PSB avança

O PSB avançou nas articulações para atrair o senador e ex-presidente do Senado Federal, Rodrigo Pacheco (PSD-MG) para disputar o governo de Minas Gerais pelo partido.

Pacheco jantou, em Brasília, com o presidente da sigla e prefeito de Recife, João Campos (PSB), também pré-candidato ao governo de Pernambuco.

Aliados relataram que Campos teria formalizado pessoalmente o convite para que Pacheco se filie à legenda e dispute o governo de Minas.

Segundo relatos, Pacheco respondeu que estava ajudando na construção da chapa do partido para a Câmara dos Deputados e ressaltou que, “entre todos os convites que recebeu nos últimos meses, o do PSB foi o que mais o agradou”.

O encontro também teve lideranças como o vice-presidente Geraldo Alckmin (PSB) e a deputada federal Tabata Amaral (PSB-SP).

Nos bastidores, o PSB é hoje considerado o caminho mais viável para o senador, que avalia deixar o PSD para viabilizar uma candidatura ao Palácio Tiradentes em outubro.

Apesar do avanço nas tratativas, o parlamentar ainda evita cravar uma decisão definitiva. Segundo ele, a escolha será feita com cautela.

Pacheco disse ainda que pretende dar uma resposta nos próximos dias, dentro do prazo da janela partidária, que se encerra no início de abril.

O movimento ocorre em meio à estratégia do presidente Lula, que vê o senador como “plano A” para liderar um palanque competitivo em Minas Gerais.",2026-03-26 10:49:58-03:00,https://www.cnnbrasil.com.br/blogs/taina-falcao/eleicoes/pacheco-janta-com-campos-e-filiacao-de-senador-ao-psb-avanca/,cnnbrasil
Análise: Encontro Lula-Trump é estratégico para imagem institucional,"Analista de Política da CNN Pedro Venscelau afirma que diálogo entre os dois presidentes é importante para o governo brasileiro, apesar da rejeição de Trump pela maioria dos eleitores no Brasil","Analista de Política da CNN Pedro Venscelau afirma que diálogo entre os dois presidentes é importante para o governo brasileiro, apesar da rejeição de Trump pela maioria dos eleitores no Brasil

O analista de Política da CNN Pedro Venceslau analisa que o encontro entre o presidente Luiz Inácio Lula da Silva (PT) e o presidente Donald Trump é considerado estratégico para a imagem institucional do Brasil com os Estados Unidos.

""Para Lula é importante esse encontro, porque é um presidente de esquerda dialogando com o presidente americano. Até o ano passado, os bolsonaristas diziam que tinham o monopólio dessa relação e ficou provado que não têm"", destaca o analista.

Venceslau lembra Trump já falou bem de Lula em diferentes ocasiões e que os dois demonstram ter uma ""química"" em encontros passados.

Rejeição de Trump no Brasil

O analista da CNN ressalta que pesquisas indicam uma impopularidade de Trump entre muitos brasileiros, resultado das tarifas impostas ao país e também da Lei Magnitsky. ""Ele pode ser popular entre os bolsonaristas, mas é rejeitado ela maioria dos eleitores"", afirma.

Existe também uma preocupação de uma possível interferência de Trump nas eleições brasileiras. O analista da CNN menciona que a imagem de apoio do presidente norte-americano buscada pelo senador e pré-candidato, Flávio Bolsonaro (PL-RJ), poderia seduzir um setor da direita brasileira e até energizar o bolsonarismo.

No entanto, Venceslau acredita que a relação entre os dois presidente e a antipatia dos brasileitos com Trump poderia ser revertida contra o filho de Jair Bolsonaro na campanha eleitoral deste ano.",2026-03-26 18:55:33-03:00,https://www.cnnbrasil.com.br/politica/analise-encontro-lula-trump-e-estrategico-para-imagem-institucional/,cnnbrasil
Análise: Quadro eleitoral é o mais difícil do mandato para Lula,"Do outro lado, Flávio Bolsonaro reduz rejeição e ganha espaço fora do núcleo mais fiel","Do outro lado, Flávio Bolsonaro reduz rejeição e ganha espaço fora do núcleo mais fiel

Pesquisa AtlasIntel divulgada nesta quarta-feira (25) revela o momento mais difícil para o presidente Luiz Inácio Lula da Silva (PT) no quadro eleitoral até agora.

A disputa segue acirrada, mas a piora é mais intensa para o petista. Pela primeira vez, no cenário de segundo turno, Flávio Bolsonaro (PL) aparece numericamente à frente, ainda que dentro da margem de erro.

O dado central, no entanto, é que Lula não cresce. Ele tem hoje o mesmo patamar de votos no primeiro e no segundo turno, o que sugere uma capacidade limitada de atrair o eleitor independente. Além disso, o presidente tem desaprovação maior e em alta, e perde terreno em segmentos importantes, como os evangélicos.

Do outro lado, Flávio Bolsonaro reduz rejeição e ganha espaço fora do núcleo mais fiel ao bolsonarismo. Mas há uma ressalva importante: a campanha ainda não começou. Flávio ainda não foi submetido ao desgaste mais duro, nem enfrentou seus telhados de vidro.

Com uma terceira via sem espaço, o cenário aponta para um segundo turno em que recai sobre Lula o desafio de conquistar votos de quem, até aqui, não demonstrou disposição em lhe dar um quarto mandato.",2026-03-25 17:56:52-03:00,https://www.cnnbrasil.com.br/blogs/thais-heredia/eleicoes/analise-quadro-eleitoral-e-o-mais-dificil-do-mandato-para-lula/,cnnbrasil
PF apura se houve omissões do BC no caso Master,A força policial investiga se as duas últimas gestões da autoridade monetária sabiam de irregularidades de funcionários ou do cenário de insolvência do Banco Master,"PF apura se houve omissões do BC no caso Master | BASTIDORES CNN

PF apura se houve omissões do BC no caso Master | BASTIDORES CNN

A força policial investiga se as duas últimas gestões da autoridade monetária sabiam de irregularidades de funcionários ou do cenário de insolvência do Banco Master

PF apura se houve omissões do BC no caso Master

A Polícia Federal apura se as duas últimas gestões do Banco Central cometeram omissões sobre o Banco Master.

O foco da investigação é se as gestões de Roberto Campos Neto e Gabriel Galipolo tinham conhecimento da atuação irregular de servidores públicos ou do cenário de insolvência do Banco Master.

Na gestão de Campos Neto, entre 2019 e 2024, por exemplo, o banqueiro Daniel Vorcaro chegou a adquirir o controle de três instituições financeiras.

Além disso, o Banco Master já dava sinais de insolvência, com a retirada vultosa de recursos do FGC (Fundo Garantidor de Crédito).

Nas duas administrações, também atuaram Paulo Sérgio Souza e Bellini Santana.

Os dois servidores, segundo a Polícia Federal, atuavam como conselheira informais de Vorcaro.

A CPMI do INSS analisa requerimentos de convite tanto de Campos Neto como de Galipolo.

Os dois negam qualquer irregularidade na atuação da autoridade monetária.

A Polícia Federal deve ouvir em breve Vorcaro na Superintendência em Brasília.

O objetivo é esclarecer pontos ainda nebulosos da investigação.

Além de Vorcaro, seu cunhado, Fabiano Zettel, também já deu mostras de que pode fechar acordo de delação premiada.

A ideia é que Zettel seja incluído no acordo de delação que vem sendo costurado pelo próprio banqueiro.

Em nota oficial, três advogados do pastor alegaram que tomaram a decisão de deixar a defesa de Zettel por “motivo de foro íntimo”.

Eles apresentaram petição ao STF (Supremo Tribunal Federal) e informaram que o advogado Celso Vilardi, que também defende Jair Bolsonaro (PL), seguirá com a defesa do cunhado de Vorcaro.

Zettel também está preso em regime fechado por ",2026-03-26 11:04:37-03:00,https://www.cnnbrasil.com.br/blogs/gustavo-uribe/politica/pf-apura-se-houve-omissoes-do-bc-no-caso-master/,cnnbrasil
PL racha no PR após filiação de Moro; prefeitos dão apoio a Ratinho Jr.,"Promessa de legenda para senador disputar governo estadual provoca reação de deputados e gestores municipais leais ao governador do PSD, que ficará no mandato até dezembro","Promessa de legenda para senador disputar governo estadual provoca reação de deputados e gestores municipais leais ao governador do PSD, que ficará no mandato até dezembro

Prefeitos do PL no Paraná anunciaram nesta quinta-feira (26) uma desfiliação em massa do partido em consequência da filiação do senador Sérgio Moro (PR) à sigla, com o objetivo de disputar o governo estadual. Os gestores municipais declararam lealdade ao governador Ratinho Jr. (PSD), que na segunda-feira (23) afirmou ter desistido da pré-candidatura à Presidência e que concluiria o mandato até dezembro.

O prefeito de Assis Chateaubriand e presidente da Associação dos Municípios do Paraná, Marcel Micheletto (PL), afirmou hoje que “todos os 53 prefeitos” do partido vão deixar a sigla – pelo menos 49 já teriam confirmado a intenção de desfiliação, assim como o deputado federal Fernando Giacobo, que deixou o comando do diretório paranaense do PL.

“Quem gosta de Jair Bolsonaro não pode ladear um cidadão que quis botar Jair Bolsonaro na cadeia. Cidadão que saiu do Ministério da Justiça e foi depor na Polícia Federal, dizendo que havia um gabinete do ódio no Palácio do Planalto”, afirmou hoje Giacobo, no ato promovido com os prefeitos, em alusão ao rompimento de Moro com o então presidente ao deixar o governo, em abril de 2020.

A filiação de Moro ao PL ocorreu na terça-feira (24), em Brasília, em uma articulação avalizada pela família Bolsonaro. O senador Flávio Bolsonaro (RJ), pré-candidato ao Planalto, disse ter confiança no colega de Congresso no ato na capital federal.

“Foi com muita alegria que a gente abriu as portas do PL para você, para ser o nosso pré-candidato ao governo do Estado do Paraná"", disse Flávio.

No mesmo dia, em entrevista à CNN, o pré-candidato do PL disse que foi preciso “dar um passo decisivo no Paraná” com a filiação do senador e ex-ministro. “Demos a palavra ao Moro que seria nosso palanque.”

Moro tem liderado as pesquisas de intenção de voto ao governo paranaense, e a di",2026-03-26 13:39:47-03:00,https://www.cnnbrasil.com.br/blogs/iuri-pitta/eleicoes/pl-racha-no-pr-apos-filiacao-de-moro-prefeitos-dao-apoio-a-ratinho-jr/,cnnbrasil
"Dois soldados isralenses foram mortos no sul do Líbano, dizem militares",Número de baixas de Israel sobe para quatro após confrontos com o Hezbollah na fronteira desde o início da guerra,"Forças do exército israelense são mobilizadas perto da fronteira com o Líbano enquanto Hezbollah lança ataques com foguetes

Número de baixas de Israel sobe para quatro após confrontos com o Hezbollah na fronteira desde o início da guerra

Os militares israelenses disseram nesta quinta-feira (26) que dois soldados foram mortos durante operações de combate no sul do Líbano, em meio a confrontos contínuos com o Hezbollah ao longo da fronteira.

Com isso, sobe para quatro o número de soldados israelenses mortos na região, depois que os militares informaram que dois foram mortos no dia 8 de março.

Mais cedo nesta quinta-feira (26), o exército de Israel também disse em um comunicado que suas tropas mataram mais de 30 combatentes do Hezbollah nos últimos dias durante as operações no sul do Líbano.

Israel disse que vai tomar uma parte do sul do Líbano para criar uma ""zona de segurança"" contra os combatentes do Hezbollah, alimentando temores entre os libaneses de uma ocupação militar israelense que poderia aprofundar a instabilidade e provocar mais deslocamentos.

O conflito entre o Hezbollah e Israel se tornou o desdobramento mais mortal da guerra entre os EUA e Israel contra o Irã desde que o grupo radical libanês abriu fogo contra Israel em apoio a Teerã, no dia 2 de março.

Israel respondeu com uma ofensiva que matou mais de 1.000 pessoas no Líbano e deslocou mais de 1 milhão.",2026-03-26 18:10:19-03:00,https://www.cnnbrasil.com.br/internacional/dois-soldados-isralenses-foram-mortos-no-sul-do-libano-dizem-militares/,cnnbrasil
Congresso defende parlamentar no lugar de Gleisi Hoffmann,Lula ainda busca nome para substituir articulação do Planalto,"Líderes no Congresso defendem escolha de parlamentar para ocupar vaga da mininstra Gleisi | LIVE CNN

Líderes no Congresso defendem escolha de parlamentar para ocupar vaga da mininstra Gleisi | LIVE CNN

Lula ainda busca nome para substituir articulação do Planalto

Lideranças do Congresso Nacional pontuam que a ministra Gleisi Hoffmann deve ser substituída na SRI (Secretaria de Relações Institucionais) por outro parlamentar.

O recado chegou ao presidente Luiz Inácio Lula da Silva (PT), que estava decidido até semanas atrás a nomear Olavo Noleto, que é secretário do Conselho de Desenvolvimento Econômico Social Sustentável, o Conselhão.

Fontes palacianas afirmam que Lula ainda não definiu quem ficará no lugar da ministra, que sai do cargo para disputar uma vaga ao Senado Federal pelo Paraná.

Dois nomes, no entanto, circulam entre os parlamentares: o do senador Otto Alencar (PSD-BA), que é presidente da CCJ (Comissão de Constituição e Justiça) e o líder do governo na Câmara, José Guimarães (PT-CE).

Otto poderia ajudar na ponte entre o Palácio e o presidente do Senado, Davi Alcolumbre (União-AP). O fato de ser do PSD governista também poderia ser lido como um aceno de Lula ao presidente do partido, Gilberto Kassab.

Já Guimarães deve ser preterido na formação de chapa ao Senado no Ceará, então poderia receber algum aceno compensatório do presidente da República.",2026-03-26 11:40:56-03:00,https://www.cnnbrasil.com.br/blogs/isabel-mega/politica/congresso-defende-parlamentar-no-lugar-de-gleisi-hoffmann/,cnnbrasil
Análise: STF x Congresso – Onde começa e termina cada Poder?,STF avança sobre um terreno sensível na relação entre os poderes: o tempo político do Congresso,"STF avança sobre um terreno sensível na relação entre os poderes: o tempo político do Congresso

Com o debate iniciado hoje, o STF (Supremo Tribunal Federal) avança sobre um terreno sensível na relação entre os poderes: o tempo político do Congresso.

Ao determinar a prorrogação da CPMI do INSS, o ministro André Mendonça abre um debate que vai além da instalação de investigações e entra no campo mais delicado: até quando uma CPI deve funcionar? E quem define?

Para parte da Corte, a prorrogação não é automática. Depende de articulação política e, principalmente, da vontade da cúpula do Congresso.

Se o STF validar esse entendimento, o efeito é redistribuir poder dentro do próprio Legislativo: mais força para parlamentares, menos controle das presidências.

Se derrubar, o recado é outro: o Judiciário não interfere no relógio da política, e a palavra final sobre continua sendo do Congresso.

No pano de fundo, o julgamento reacende uma disputa clássica — e cada vez mais presente: onde termina um poder e começa o outro?",2026-03-26 17:58:54-03:00,https://www.cnnbrasil.com.br/blogs/julliana-lopes/politica/analise-stf-x-congresso-onde-comeca-e-termina-cada-poder/,cnnbrasil
"Houthis do Iêmen se preparam para apoiar Irã na guerra, diz fonte",Grupo rebelde iemenita pode tomar o Estreito de Bab el-Mandeb e afetar comércio marítimo global,"Rebeldes armados da milícia Houthi. apoiada pelo Irã. participam de uma manifestação contra os EUA e Israel

Grupo rebelde iemenita pode tomar o Estreito de Bab el-Mandeb e afetar comércio marítimo global

Houthis do Iêmen se preparam para apoiar Irã na guerra, diz fonte

Rebeldes apoiados pelo Irã estão prontos para se juntar à guerra contra os EUA e Israel, informou a agência estatal iraniana Tasnim, citando “uma fonte informada”.

Segundo a fonte, os Houthis, grupo rebelde iemenita, estariam preparados para assumir o controle do Estreito de Bab el-Mandeb, o que seria uma “tarefa fácil”.

O grupo rebelde já causou grandes interrupções no Mar Vermelho desde outubro de 2023, atacando centenas de alvos israelenses em retaliação aos ataques de Israel em Gaza.

Eles também miraram navios ligados aos EUA e ao Reino Unido, dificultando o tráfego do comércio global. As tentativas de conter os rebeldes não conseguiram interromper os ataques.

Marinhas dos EUA e de outros países ocidentais têm escoltado navios na região, mas se os Houthis assumirem o controle do Estreito de Bab el-Mandeb, as opções disponíveis para o tráfego marítimo seriam ainda mais limitadas.

O Estreito de Bab el-Mandeb é uma passagem estratégica localizada entre a ponta sul da Península Arábica (Iêmen) e o nordeste da África (Djibuti e Eritreia), que conecta o Mar Vermelho ao Golfo de Áden e liga o Mediterrâneo aos oceanos Índico e Atlântico.

Sua posição é fundamental para o transporte de mercadorias entre Europa, Oriente Médio e Ásia.",2026-03-26 09:13:16-03:00,https://www.cnnbrasil.com.br/internacional/houthis-do-iemen-se-preparam-para-apoiar-ira-na-guerra-diz-fonte/,cnnbrasil
"Ataques ao Irã terão consequências, diz conselheiro do líder supremo","Ali Akbar Velayati afirmou que ""eventos certamente ocorrerão"" contra qualquer país que participe de uma ação militar","Ali Akbar Velayati afirmou que ""eventos certamente ocorrerão"" contra qualquer país que participe de uma ação militar

Ali Akbar Velayati, conselheiro sênior do líder supremo do Irã, Mojtaba Khamenei, alertou que qualquer país que participe de uma ação militar contra o Irã enfrentará consequências negativas, informou a IRNA, agência de notícias estatal da República Islâmica nesta quinta-feira (26).

“Qualquer participação em agressão militar contra o Irã certamente terá consequências negativas para os participantes”, disse Velayati, sugerindo que o Golfo Pérsico seria um ponto focal para retaliação.

“A geografia do Golfo Pérsico não pode ficar sem consequências”, afirmou. Ele acrescentou que “eventos certamente ocorrerão” que serão “prejudiciais para aqueles que ameaçam a segurança nacional do Irã”.

O que está acontecendo no Oriente Médio?

Os Estados Unidos e Israel estão em guerra com o Irã. O conflito teve início no dia 28 de fevereiro, quando um ataque coordenado entre os dois países matou o líder supremo do país, Ali Khamenei, em Teerã.

Diversas autoridades do alto escalão do regime iraniano também foram mortas. Além disso, os EUA alegam ter destruído dezenas de navios do país, assim como sistemas de defesa aérea, aviões e outros alvos militares.

Em retaliação, o regime dos aiatolás fez ataques contra diversos países da região, como Emirados Árabes Unidos, Arábia Saudita, Catar, Bahrein, Kuwait, Jordânia, Iraque e Omã. As autoridades iranianas dizem que têm como alvo apenas interesses dos Estados Unidos e Israel nessas nações.

Mais de 1.750 civis morreram no Irã desde o início da guerra, segundo a Agência de Notícias de Ativistas de Direitos Humanos, que tem sede nos EUA. A Casa Branca, por sua vez, registrou ao menos 13 mortes de soldados americanos em relação direta aos ataques iranianos.

O conflito também se expandiu para o Líbano. O Hezbollah, um grupo armado apoiado pelo Irã, atacou o território israelense em retaliação à morte de Ali Khamenei. Com is",2026-03-26 17:05:11-03:00,https://www.cnnbrasil.com.br/internacional/ataques-ao-ira-terao-consequencias-diz-conselheiro-do-lider-supremo/,cnnbrasil
"Análise: Cessar-fogo anima mercado, mas defasagem traz riscos","Enquanto mercados globais reagem positivamente à possibilidade de paz no Oriente Médio, Brasil enfrenta riscos de abastecimento devido à suspensão de leilões da Petrobras","Enquanto mercados globais reagem positivamente à possibilidade de paz no Oriente Médio, Brasil enfrenta riscos de abastecimento devido à suspensão de leilões da Petrobras

A notícia de um possível cessar-fogo no Oriente Médio trouxe alívio para os mercados globais e provocou queda nos principais contratos de petróleo.

No entanto, o setor de energia no Brasil segue em alerta devido à crescente defasagem entre os preços internos e externos dos combustíveis, especialmente do diesel, que já beira os R$ 3.

Um problema estrutural agrava a situação: as refinarias brasileiras não são capazes de processar o petróleo do pré-sal.

Isso obriga o país a importar cerca de 25% do diesel consumido internamente, percentual que pode chegar a 30% durante a safra de grãos, quando a demanda aumenta devido à dependência do setor agrícola pelo modal rodoviário.

Risco de desabastecimento

A ANP (Agência Nacional do Petróleo) solicitou que a Petrobras retome com urgência os leilões de combustíveis para abastecer as distribuidoras. A estatal suspendeu um leilão que estava programado para 16 e 17 de abril, alegando que o navio petroleiro que traria o combustível não chegaria a tempo. No Rio Grande do Sul, já começam a surgir focos de desabastecimento.

""Não adianta o governo ficar colocando polícia para fiscalizar posto se a Petrobras não está fazendo os leilões para abastecer as distribuidoras e estas sim abastecerem os postos de combustíveis"", alerta Rita Mundim.

Segundo Mundim, é fundamental que a Petrobras reassuma seu protagonismo no abastecimento nacional: ""É melhor com preço para cima do que não chegar. Nós não podemos ter esse risco de novo de apagão do setor rodoviário"".

Crise energética global

Especialistas internacionais alertam que a crise energética é mais séria do que aparenta. O diretor executivo da Agência Internacional de Energia tem se manifestado de forma contundente sobre a gravidade da situação.

Houve destruição de equipamentos de refino e de produção de petróleo n",2026-03-25 19:27:34-03:00,https://www.cnnbrasil.com.br/blogs/rita-mundim/economia/mercado/analise-cessar-fogo-anima-mercado-mas-defasagem-traz-riscos/,cnnbrasil
"Forças de Israel matam comandante sênior do Hezbollah, dizem militares",Hassan Mohammad Bashir foi morto em ofensiva no sul do Líbano contra o grupo radical,"Soldados israelenses ao lado de tanques perto do lado israelense da fronteira com o Líbano

Hassan Mohammad Bashir foi morto em ofensiva no sul do Líbano contra o grupo radical

As forças israelenses mataram um alto comandante do Hezbollah no Líbano, de acordo com os militares, enquanto as tropas israelenses expandiam o ataque mortal no sul do país.

A Força Aérea Israelense “atacou e eliminou” Hassan Mohammad Bashir, um comandante sênior na área de Hajir, disseram as IDF (Forças de Defesa de Israel) em um comunicado nesta quinta-feira (26).

Israel tem prosseguido com ataques militares no Líbano desde o dia 2 de março, depois que o Hezbollah lançou projéteis contra Israel depois de ataques dos EUA e de Israel contra o Irã.

As forças israelenses também atacaram locais na província de Kermanshah, no oeste do Irã, e mais ao sul, em Dezful.

Os militares estavam “visando locais de armazenamento e lançamento de armas destinados a mísseis balísticos e sistemas de defesa aérea”, disse a IDF, acrescentando que os seus ataques ao conjunto de mísseis balísticos do Irão visam “reduzir o alcance do fogo dirigido a civis israelitas”.",2026-03-26 18:30:52-03:00,https://www.cnnbrasil.com.br/internacional/forcas-de-israel-matam-comandante-senior-do-hezbollah-dizem-militares/,cnnbrasil
"Manifestantes se reúnem em frente à embaixada do Irã em Beirute, no Líbano",Movimento acontece após o país de declarar o embaixador iraniano persona non grata na terça-feira (24),"Manifestantes se reúnem em frente à embaixada do Irã em Beirute, no Líbano

Manifestantes se reuniram em frente à embaixada do Irã em Beirute, no Líbano, nesta quinta-feira (26), agitando bandeiras iranianas e do Hezbollah.

Os manifestantes expressaram indignação com a decisão do Líbano de declarar o embaixador iraniano persona non grata, manifestando solidariedade ao Irã e à sua liderança.

Alguns manifestantes afirmaram que seus laços com o Irã estavam enraizados no que descreveram como ""a resistência"", rejeitando o que chamaram de tentativas de enfraquecer a aliança entre o Irã e o Líbano.

O Líbano declarou o embaixador iraniano persona non grata na terça-feira (24) e deu o prazo de até domingo (29) para deixar o país, após ordenar a saída de dezenas de outros cidadãos iranianos, incluindo diplomatas.

O governo libanês afirmou que a medida não representava um rompimento das relações diplomáticas com o Irã.

O Hezbollah foi fundado pela Guarda Revolucionária do Irã em 1982 e é amplamente considerado a ponta de lança da aliança regional de grupos armados do Irã. Em 2 de março, o Irã abriu fogo contra Israel em solidariedade a Teerã, desencadeando uma campanha aérea e terrestre israelense no Líbano.

Seis fontes regionais familiarizadas com a posição iraniana afirmaram que o Irã disse a intermediários que o Líbano deve ser incluído em qualquer acordo de cessar-fogo com os Estados Unidos e Israel, condicionando o fim da guerra à interrupção da ofensiva israelense contra o Hezbollah.

O que está acontecendo no Oriente Médio?

Os Estados Unidos e Israel estão em guerra com o Irã. O conflito teve início no dia 28 de fevereiro, quando um ataque coordenado entre os dois países matou o líder supremo do país, Ali Khamenei, em Teerã.

Diversas autoridades do alto escalão do regime iraniano também foram mortas. Além disso, os EUA alegam ter destruído dezenas de navios do país, assim como sistemas de defesa aérea, aviões e outros alvos militares.

Em retaliação, o regime do",2026-03-26 19:00:09-03:00,https://www.cnnbrasil.com.br/internacional/manifestantes-se-reunem-em-frente-a-embaixada-do-ira-em-beirute-no-libano/,cnnbrasil
"PDT espera apoio do PT a Juliana Brizola no RS até dia 30, diz Lupi à CNN","Edinho Silva teria sinalizado a Carlos Lupi apoio à deputada estadual, mas definição esbarra no PT gaúcho, que faz questão de lançar Edegar Pretto","Edinho Silva teria sinalizado a Carlos Lupi apoio à deputada estadual, mas definição esbarra no PT gaúcho, que faz questão de lançar Edegar Pretto

PDT espera apoio do PT a Juliana Brizola no RS até dia 30, diz Lupi à CNN

O presidente nacional do PDT, Carlos Lupi, afirmou em entrevista à CNN que a sigla deu até a próxima segunda-feira (30) para o PT apoiar a pré-candidatura de Juliana Brizola ao governo do Rio Grande do Sul.

“O compromisso deles é de nos apoiar no Rio Grande do Sul. E o prazo fatal é dia 30 agora. Até aqui estou segurando a onda de muita gente. Se eu não segurar a cerca, não sei para onde vai a boiada”, disse à CNN.

Há meses Lupi e o presidente nacional do PT, Edinho Silva, teriam acordado o apoio petista à deputada estadual. O trato vem esbarrando no PT gaúcho, que faz questão de lançar o presidente da Conab (Companhia Nacional de Abastecimento), Edegar Pretto, à disputa do Palácio Piratini.

Tanto Juliana Brizola quanto Edegar Pretto aparecem com dois dígitos nas principais pesquisas de intenção de voto e se apresentam como pré-candidatos competitivos com chance de ir ao segundo turno.

O embarque petista – e do presidente Luiz Inácio Lula da Silva – na pré-candidatura de Brizola fez parte de um acordo nacional entre os partidos. Lupi pediu a Edinho o apoio do PT na disputa pelo governo de três estados: no Rio Grande do Sul; no Paraná, com Requião Filho (PDT), e em Minas Gerais, com Alexandre Kalil.

No caso de Minas Gerais, Lupi admite um “palanque duplo” caso Lula consiga convencer o ex-presidente do Senado Rodrigo Pacheco a se lançar candidato.

Em contrapartida, o PDT se comprometeu a estar ao lado do candidato do PT em uma série de estados, como São Paulo, Bahia, Ceará, Rio Grande do Norte, Piauí, além de compor alianças em outros.",2026-03-26 13:41:22-03:00,https://www.cnnbrasil.com.br/eleicoes/pdt-espera-apoio-do-pt-a-juliana-brizola-no-rs-ate-dia-30-diz-lupi-a-cnn/,cnnbrasil
Juiz questiona se EUA podem impedir Venezuela de pagar advogados de Maduro,"Magistrado não chegou a rejeitar as acusações de narcoterrorismo contra o líder venezuelano, que está sendo julgado em Nova York","Desenho mostra Nicolás Maduro em audiência em tribunal de Nova York em 26 de março de 2026.

Magistrado não chegou a rejeitar as acusações de narcoterrorismo contra o líder venezuelano, que está sendo julgado em Nova York

Juiz questiona se EUA podem impedir Venezuela de pagar advogados de Maduro

Um juiz americano questionou, nesta quinta-feira (26), se os EUA podem impedir a Venezuela de pagar pelos advogados de defesa de Nicolás Maduro sem violar seus direitos constitucionais americanos.

O magistrado não chegou a rejeitar as acusações de narcoterrorismo contra o líder venezuelano, que está sendo julgado em Nova York.

Maduro e sua esposa, Cilia Flores, compareceram à audiência no tribunal federal de Manhattan vestindo uniformes bege de presidiários, mais de dois meses depois de terem sido capturados por militares americano em uma operação surpresa em Caracas e levados para Nova York.

Maduro, de 63 anos, e Flores, de 69, declararam-se inocentes das acusações, que incluem conspiração para narcoterrorismo, e estão presos no Brooklyn aguardando julgamento.

Eles pediram ao juiz distrital dos EUA, Alvin Hellerstein, que rejeitasse as acusações, alegando que a impossibilidade de usar fundos públicos da Venezuela devido às sanções americanas estava interferindo em seu direito a um advogado de sua escolha, conforme garantido pela Sexta Emenda da Constituição dos EUA.

Todos os réu em processos criminais nos EUA têm direitos constitucionais, independentemente de serem cidadãos americanos ou não.

Seus advogados afirmaram que Maduro e Flores não têm condições de arcar com os custos de sua defesa por conta própria.

Em depoimento no tribunal, o promotor Kyle Wirshba afirmou que as sanções americanas que bloqueiam os pagamentos são baseadas em legítimos interesses de segurança nacional e política externa.

Durante seu primeiro mandato na Casa Branca, Trump intensificou as sanções contra a Venezuela sob a alegação de que o governo de Maduro era corrupto e minava as institui",2026-03-26 15:36:05-03:00,https://www.cnnbrasil.com.br/internacional/juiz-questiona-se-eua-podem-impedir-venezuela-de-pagar-advogados-de-maduro/,cnnbrasil
Análise: O quão arriscado seria um ataque dos EUA à ilha de Kharg do Irã?,"Especulações crescem sobre possível operação americana na região, ponto estratégico que controla 90% das exportações de petróleo do Irã","Especulações crescem sobre possível operação americana na região, ponto estratégico que controla 90% das exportações de petróleo do Irã

Análise: O quão arriscado seria um ataque dos EUA à ilha de Kharg do Irã?

Mesmo depois do presidente dos Estados Unidos, Donald Trump, ter declarado que a ""guerra foi vencida"" com o Irã, navios anfíbios, embarcações de desembarque e milhares de fuzileiros navais e marinheiros foram enviados para o Oriente Médio.

O deslocamento gerou especulações sobre possíveis planos dos EUA de capturar a Ilha de Kharg – um território na costa do Irã e linha vital econômica para Teerã que administra aproximadamente 90% das exportações de petróleo bruto do país.

Mesmo que Washington tome com sucesso a pequena, mas estratégica ilha, especialistas questionam se isso daria aos EUA influência suficiente para forçar o Irã a reabrir o Estreito de Ormuz em meio a uma crescente crise energética global.

O que é a Ilha de Kharg?

A Ilha de Kharg é uma faixa de terra de oito quilômetros na costa iraniana, cerca de um terço do tamanho de Manhattan, descrita por autoridades americanas como o ""centro de todo o fornecimento de petróleo iraniano.""

Os longos píeres, que se projetam em águas profundas o suficiente para acomodar superpetroleiros, fazem da ilha um local crítico para a distribuição de petróleo.

A ilha tem sido há muito tempo fundamental para a economia do Irã.

Um documento desclassificado da CIA de 1984 publicado online afirmou que as instalações são ""as mais vitais no sistema petrolífero do Irã, e sua operação contínua é essencial para o bem-estar econômico do Irã.""

Rotas alternativas de exportação que contornam o Estreito de Ormuz existem, mas são limitadas e não foram testadas de forma robusta em larga escala, de acordo com a AIE (Agência Internacional de Energia).

Por exemplo, em 2021, o Irã inaugurou o terminal petrolífero de Jask, permitindo que o petróleo bruto fosse transportado até Jask no Golfo de Omã, logo a leste do estreito, mas o",2026-03-26 16:12:50-03:00,https://www.cnnbrasil.com.br/internacional/analise-o-quao-arriscado-seria-um-ataque-dos-eua-a-ilha-de-kharg-do-ira/,cnnbrasil
"Misoginia na internet também será tipificada como crime, diz senadora","Ao Bastidores CNN, Ana Paula Lobato detalhou PL que prevê pena de um a três anos para quem propagar ódio às mulheres em plataformas digitais","Casos de misoginia na internet também serão tipificados como crime, diz senadora | BASTIDORES CNN

Casos de misoginia na internet também serão tipificados como crime, diz senadora | BASTIDORES CNN

Ao Bastidores CNN, Ana Paula Lobato detalhou PL que prevê pena de um a três anos para quem propagar ódio às mulheres em plataformas digitais

A senadora Ana Paula Lobato (PSB-MA), autora do projeto que equipara a misoginia ao crime de racismo, confirmou que a propagação de discursos de ódio contra mulheres na internet também será tipificada como crime, com pena de reclusão de um a três anos, além de multa.

Em entrevista ao Bastidores CNN desta quinta-feira (26), a parlamentar destacou que o texto aprovado pelo Senado contempla especificamente os crimes cometidos em ambiente digital. ""Crime de internet é você propagar, você incitar o ódio e a violência contra as mulheres na internet"", explicou.

A senadora expressou preocupação com o crescimento de grupos que promovem discursos misóginos online, como os adeptos da ideologia ""Red Pill"", que têm ganhado cada vez mais seguidores nas plataformas digitais.

""A gente vê que esses grupos de Red Pill estão crescendo imensamente e a gente escuta esses horrores todos os dias. Cada dia mais eles estão monetizando, estão crescendo, estão ganhando seguidores, estão incitando esse ódio"", alertou Ana Paula Lobato.

A parlamentar também comentou sobre iniciativas semelhantes em discussão na Câmara dos Deputados, como o projeto mencionado pela deputada Sâmia Bonfim (PSOL-SP), que visa criminalizar especificamente o discurso Red Pill.

Para Ana Paula Lobato, as propostas são complementares e fortalecem o combate à violência contra mulheres: ""São projetos que se somam e que um enriquece o outro. Eles se juntando só tem a enriquecer esse combate à violência na internet"", conclui a senadora.",2026-03-26 17:24:30-03:00,https://www.cnnbrasil.com.br/politica/misoginia-na-internet-tambem-sera-tipificada-como-crime-diz-senadora/,cnnbrasil
Lula atribui precariedade em hospitais federais do Rio à família Bolsonaro,"Segundo o presidente, as indicações escolhidas para gerir a saúde no estado foram instrumento de “mercantilização”","O presidente Lula participou da visita alusiva a abertura de novas áreas do Hospital Universitário da Universidade Federal de São Carlos (HU-UFSCar)

Segundo o presidente, as indicações escolhidas para gerir a saúde no estado foram instrumento de “mercantilização”

O presidente Luiz Inácio Lula da Silva (PT) atribuiu a precariedade dos hospitais federais do Rio de Janeiro à família do ex-presidente Jair Bolsonaro (PL). O presidente esteve nesta quinta-feira (26) em Niterói, na abertura da Caravana Federativa do Governo Federal.

Lula fez referência ao Hospital Federal do Andaraí, municipalizado pela Prefeitura do Rio de Janeiro em 2024. Segundo o presidente, a gestão passada foi responsável pela pela “mercantilização” do setor hospitalar no estado.

“Os hospitais federais aqui do Rio de Janeiro estavam na mão da família Bolsonaro, que não cuidou desse hospital com o mínimo de respeito. A cozinha não funcionava, a UTI não funcionava, a emergência não funcionava. O que era mais grave: os funcionários do hospital Andaraí pagavam o estacionamento para colocar o carro pra ir trabalhar. O hospital tinha sido mercantilizado. E não sei que tipo de gente tomava conta daquele hospital”, afirmou o presidente.

Em outra visita à capital do estado, em fevereiro, Lula afirmou que os hospitais da região foram usados como “moeda de troca eleitoral” em momento de campanha.

Lula participou da abertura da Caravana Federativa do Governo Federal no Centro da cidade do Rio de Janeiro. O evento teve como objetivo ampliar o acesso a programas sociais, serviços e investimentos da União. Ele afirmou que o governo firmou um acordo com a Prefeitura da capital de repasse de recursos com a meta de transformar os hospitais federais em “centros de excelência”.

A CNN procurou o senador Flávio Bolsonaro para comentar as declarações do presidente e aguarda retorno.",2026-03-26 19:25:05-03:00,https://www.cnnbrasil.com.br/politica/lula-atribui-precariedade-em-hospitais-federais-do-rio-a-familia-bolsonaro/,cnnbrasil
"Brasil tem ""arma secreta"" contra choque de petróleo, diz The Economist",Revista defende que biocombustíveis ajudarão país a se defender dos efeitos do conflito no Oriente Médio,"Revista defende que biocombustíveis ajudarão país a se defender dos efeitos do conflito no Oriente Médio

O Brasil possui uma ""arma secreta"" contra choques de oferta de petróleo e combustíveis derivados, segundo publicação desta quinta-feira (26) da The Economist.

A revista aponta que ""os biocombustíveis ajudarão o país a se defender dos efeitos do conflito no Oriente Médio"", frente a um cenário que ""poucos países"" estavam preparados para lidar.

""Durante o último meio século, o gigante agrícola construiu a indústria de biocombustíveis mais sofisticada do mundo"", enfatiza a The Economist, ressaltando que o país é o segundo maior produtor de etanol e o terceiro maior de biodiesel.

""Três quartos dos veículos leves brasileiros possuem tecnologia que lhes permite queimar desde gasolina pura até o etanol 100% fornecido pelos onipresentes postos de álcool"", pontua a publicação.

A revista britânica compara a variação dos preços dos combustíveis no Brasil e nos Estados Unidos desde o início da guerra: enquanto gasolina subiu 10% e diesel 20% por aqui, por lá a alta foi de 30% a 40%.

A publicação reforça que a competitividade da bioenergia brasileira contribui para esse movimento e reduz a dependência do Brasil em relação aos combustíveis fósseis estrangeiros, protegendo da volatilidade internacional.

Ademais, retoma o fato de que o governo estaria considerando aumentar a participação do etanol na gasolina e conceder isenção fiscal ao biodiesel.

A The Economist relembra como programas de governos passados - como o Proálcool e o incentivo para biodiesel de sementes, como a soja, durante Lula 1 - fortaleceram o país nesse sentido.

Por fim, aponta como ""poucos abraçaram os biocombustíveis com tanta veemência quanto Luiz Inácio Lula da Silva"".

""Lula vê os biocombustíveis como a solução para dois problemas. Primeiro, eles fortalecem a soberania de um país que, apesar de ser um dos maiores exportadores mundiais de petróleo bruto, ainda importa 10% da sua gasolina e 25% do ",2026-03-26 18:03:20-03:00,https://www.cnnbrasil.com.br/economia/macroeconomia/brasil-tem-arma-secreta-contra-choque-de-petroleo-diz-the-economist/,cnnbrasil
Ministros articulam saída de Toffoli de turma do STF que julga caso Master,Uma das hipóteses é o ministro Flávio Dino trocar a 1ª pela 2ª Turma da corte,"Uma das hipóteses é o ministro Flávio Dino trocar a 1ª pela 2ª Turma da corte

Ministros articulam saída de Toffoli de turma do STF que julga caso Master

Uma ala do STF (Supremo Tribunal Federal) iniciou uma articulação para que o ministro Dias Toffoli deixe a 2ª Turma da corte, responsável por julgar processos relacionados ao Banco Master.

A ideia é preservar o magistrado, que declarou suspeição para julgar a prisão de Daniel Vorcaro, dono da instituição financeira que foi liquidada extrajudicialmente pelo Banco Central.

Uma das hipóteses ventiladas nos bastidores por fontes do Supremo ouvidas sob reserva pela reportagem é que o ministro Flávio Dino migre da 1ª para a 2ª Turma.

Com isso, Toffoli não precisaria se declarar suspeito em julgamentos futuros relacionados ao caso Master e, assim, evitaria novos desgastes.

O ministro foi relator do caso Master, mas deixou a condução das investigações após a Polícia Federal entregar um relatório ao presidente do Supremo, Edson Fachin, sobre a relação de Toffoli e Vorcaro.

O ministro André Mendonça foi sorteado o responsável pelas apurações. Geralmente, decisões mais sensíveis são submetidas à turma do relator que, neste caso, é a mesma de Dias Toffoli.",2026-03-25 14:45:29-03:00,https://www.cnnbrasil.com.br/blogs/matheus-teixeira/politica/ministros-articulam-saida-de-toffoli-de-turma-do-stf-que-julga-caso-master/,cnnbrasil
"Análise: Em domiciliar, Jair Bolsonaro pode reforçar campanha de Flávio",Matheus Teixeira avalia que o filho do ex-presidente deve se consolidar como porta-voz do pai e principal nome da direita brasileira enquanto Bolsonaro cumpre prisão domiciliar,"Matheus Teixeira avalia que o filho do ex-presidente deve se consolidar como porta-voz do pai e principal nome da direita brasileira enquanto Bolsonaro cumpre prisão domiciliar

O analista político Matheus Teixeira avalia que a prisão domiciliar de Jair Bolsonaro (PL), prevista para começar após sua alta hospitalar nesta sexta-feira (27), deve fortalecer a pré-campanha do senador Flávio Bolsonaro (PL-RJ) à Presidência da República.

Segundo o analista, durante o CNN 360º desta quinta-feira (26), embora Michelle Bolsonaro ganhe um poder considerável por ter acesso livre ao ex-presidente durante o período de restrição, é Flávio quem deve se consolidar como porta-voz do pai. ""Flávio já vem nessa toada de se reforçar e está crescendo nas pesquisas"", afirmou Teixeira.

A vantagem de Flávio está no fato de que ele poderá ter acesso ao pai tanto como familiar quanto como advogado, já que foi subestabelecido na defesa do ex-presidente.

Na decisão que determinou a prisão domiciliar temporária por 90 dias, o ministro Alexandre de Moraes estabeleceu horários específicos para visitação de familiares e advogados, o que permitirá a Flávio compatibilizar ambos os papéis.

Teixeira lembrou da entrevista recente à CNN em que Flávio afirmou que continuará sendo candidato mesmo se seu pai se tornar elegível novamente, indicando que Jair Bolsonaro já deu sua palavra sobre isso.

""Ele atua como uma espécie de porta-voz nas negociaçõe e se consolida cada vez mais como o principal líder da direita no Brasil com a ausência do pai"", afirma o analista, que lembrou que o ex-presidente segue impedido de usar redes sociais e dar entrevistas durante o período de prisão domiciliar.

O analista destaca que, mesmo que Flávio seja derrotado na eleição em outubro, ele deve sair maior politicamente, ainda mais com as pesquisas indicando que a disputa entre ele e Lula será bem acirrada: ""Isso preocupa muita gente na direita também. Se Flávio fosse mal nas eleições, abriria espaço para outro nome na di",2026-03-26 18:36:13-03:00,https://www.cnnbrasil.com.br/eleicoes/analise-em-domiciliar-jair-bolsonaro-pode-reforcar-campanha-de-flavio/,cnnbrasil
Pedro Scooby posta fotos dos filhos após reclamação de Piovani,"Atriz não gostou da família não estar completa no aniversário do primogênito, Dom","O surfista Pedro Scooby, 37, publicou uma foto com os quatro filhos após reclamação da ex-esposa Luana Piovani, 49, sobre a família não estar completa no aniversário de 14 anos do primogênito, Dom.

Após fazer uma festa surpresa ao jovem, ele publicou uma foto com a esposa, Cintia Dicker, 39, e os quatro filhos. Além de Dom, Bem e Liz, 10, e a pequena Aurora, 3.

Luana Piovani não gostou de descobrir que viajou de Portugal ao Brasil para passar o aniversário de Dom com ele mas a família não estará completa.

A atriz desabafou nas redes sociais quando percebeu que Liz não passará a data com os irmãos nesta quinta-feira (26).

""Acabei de tomar um copinho de fel. Difícil, né? Hoje é aniversário do meu filho mais velho, eu me programei para passar o dia com ele e acabo de saber que a minha filha, no caso irmã do meu filho primogênito, vai viajar. Como assim vai viajar no aniversário do irmão? Não consigo entender esse tipo de sinapse. É como se não fosse importante estar junto, isso por que eles nem moram juntos"", disse, nas redes sociais.

Ela fez uma série de alfinetadas aos dois. ""Estão indo para São Paulo. É um portal que só abre agora de manhã e não pode ir depois? O menino também está faltando na escola, o que também não entendi. Nunca soube que dia de aniversário é dia de faltar na escola. Na minha cartilha, dia de aniversário é dia de você ir à escola para ser cumprimentado por seus amigos, os quais você convive tanto"", acredita.

Luana deixou claro que não gostou do que encontrou ao chegar.",2026-03-26 16:48:50-03:00,https://www.cnnbrasil.com.br/entretenimento/pedro-scooby-posta-fotos-dos-filhos-apos-reclamacao-de-piovani/,cnnbrasil
Agência: Ataques perto da usina do Irã podem causar acidente radiológico,Declaração acontece em meio a ataques próximos à usina nuclear de Bushehr,"Declaração acontece em meio a ataques próximos à usina nuclear de Bushehr

O chefe da agência nuclear da ONU expressou, nesta quinta-feira (26), “profunda preocupação” com os recentes ataques militares que “supostamente” ocorreram perto da usina nuclear de Bushehr, no Irã, alertando que qualquer dano à instalação em operação poderia causar um “grave acidente radiológico”.

O diretor-geral da AIEA (Agência Internacional de Energia Atômica), Rafael Grossi, afirmou que os últimos ataques ocorreram na noite de terça-feira (24).

Como Bushehr é uma usina nuclear em operação e contém “uma grande quantidade de material nuclear”, Grossi alertou que danos à instalação poderiam resultar em “um grave acidente radiológico que afetaria uma vasta área no Irã e além”.

Grossi reiterou o apelo por “máxima contenção” para evitar o risco de um acidente nuclear e enfatizou a importância de observar o que a AIEA descreve como os “sete pilares” para garantir a segurança nuclear durante conflitos armados.

A Organização de Energia Atômica do Irã afirmou, na terça-feira, que um projétil atingiu as instalações da usina nuclear de Bushehr na noite de terça-feira, horário local. Descreveu o incidente como um “novo ataque” do “inimigo americano-israelense”.

A CNN entrou em contato com o Departamento de Defesa dos EUA e com as Forças Armadas de Israel para obter comentários.

O que está acontecendo no Oriente Médio?

Os Estados Unidos e Israel estão em guerra com o Irã. O conflito teve início no dia 28 de fevereiro, quando um ataque coordenado entre os dois países matou o líder supremo do país, Ali Khamenei, em Teerã.

Diversas autoridades do alto escalão do regime iraniano também foram mortas. Além disso, os EUA alegam ter destruído dezenas de navios do país, assim como sistemas de defesa aérea, aviões e outros alvos militares.

Em retaliação, o regime dos aiatolás fez ataques contra diversos países da região, como Emirados Árabes Unidos, Arábia Saudita, Catar, Bahrein, Kuwait, Jordânia, Ira",2026-03-26 18:23:03-03:00,https://www.cnnbrasil.com.br/internacional/agencia-ataques-perto-da-usina-do-ira-podem-causar-acidente-radiologico/,cnnbrasil
"“Fim do sonho dos aposentados”, diz Viana após STF barrar CPMI do INSS",Presidente do colegiado disse que relatório final deve ser lido e votado nesta sexta-feira (27),"Presidente do colegiado disse que relatório final deve ser lido e votado nesta sexta-feira (27)

O presidente da CPMI do INSS, senador Carlos Viana (Podemos-MG) afirmou nesta quinta-feira (26) que a formação de maioria no STF (Supremo Tribunal Federal) para não prorrogar a comissão é o ""fim do sonho dos aposentados"".

Em entrevista coletiva após a decisão da Suprema Corte, Viana disse que o relatório da CPMI deve ser lido e votado na sexta-feira (27).

""Se não for aprovado, desde já, quem perde não somos nós, pois o dono do relatório, que é o povo brasileiro, sabem exatamente o que aconteceu e quem blindou ladrões de aposentados"", afirmou.

O presidente ainda disse que a cúpula da CPMI está buscando junto à base do governo federal na comissão um ""consenso"" para a votação do relatório confeccionado pelo relator, deputado federal Alfredo Gaspar (PL-AL). Ele ainda afirma que pode haver dificuldade de que os indiciamentos apontados pelo relator avancem ao final dos trabalhos.

""O parlamento tem que se levantar, e não é o que está fazendo o presidente do Senado. Nós estamos sendo tirados de nossas prerrogativas a cada decisao do STF e nós precisamos reagir, somos nós que fazemos as leis"", completou.

CPI do Master

Viana também comentou sobre a pressão no Congresso para que se abra uma CPI para investigar o escândalo do Banco Master. Parte dos investigados no esquema envolvendo o ex-banqueiro Daniel Vorcaro daria depoimento à CPMI do INSS.

""Eu espero que a CPI do Master seja instalada e que tenham a mesma coragem que tivemos de lutar. Espero com sinceridade que o senhor vorcaro faça uma delação completa que nos traga todos os nomes envolvidos nesse roubo milionário"", disse Viana.

Na quarta-feira (25), senadores entraram com um mandado de segurança no Supremo para instalar uma CPI para investigar o Master. Segundo o documento divulgado pela assessoria do senador Alessandro Vieira (MDB-SE), relator da CPI do Crime organizado, o requerimento para a criação da CPI do Maste",2026-03-26 18:17:11-03:00,https://www.cnnbrasil.com.br/politica/fim-do-sonho-dos-aposentados-diz-viana-apos-stf-sobre-cpmi-do-inss/,cnnbrasil
"Na esteira do diesel, Congresso se articula para estender benefício aos biocombustíveis","Após governo conceder subvenção e zerar impostos sobre diesel, parlamentares se movimentam para estender benefícios tributários aos biocombustíveis","Após governo conceder subvenção e zerar impostos sobre diesel, parlamentares se movimentam para estender benefícios tributários aos biocombustíveis alegando que a reforma tributária prevê diferencial competitivo frente aos fósseis

O setor de biodiesel também busca aumentar a mistura com diesel para mitigar a falta do combustível importado, enquanto o governo considera subsídios para diesel importado. A situação é complexa e depende de várias aprovações e negociações.

O governo também zerou impostos PIS e Cofins sobre o diesel, resultando em uma renúncia fiscal de R$ 16,8 bilhões. A bancada do agro aguarda a posição do governo sobre a aprovação da MP, que tem validade até 31 de dezembro. Emendas propostas incluem uma subvenção de R$ 0,64 por litro para biodiesel e créditos fiscais para produtores.

A medida provisória do governo que subsidia o diesel em R$ 0,32 por litro gerou um movimento no Congresso, especialmente entre a bancada ruralista, para estender a subvenção a biocombustíveis como etanol e biodiesel. Desde sua publicação em 12 de março, a MP recebeu 163 emendas, muitas buscando tratamento equânime para os biocombustíveis.

Brasília - A medida provisória que o governo enviou para subsidiar o diesel (R$ 0,32 por litro) na bomba mal chegou ao Congresso Nacional e os parlamentares, sobretudo da bancada ruralista, já deflagraram um movimento para estender a subvenção também aos biocombustíveis (etanol e biodiesel).

Publicada pelo governo em 12 de março, a MP já conta com 163 emendas encaminhadas por deputados e senadores. A maioria visa dar tratamento equânime aos biocombustíveis, da mesma maneira que o Executivo propôs ao diesel. Mas outras também propõe recuperação de créditos de PIS e Cofins para abater em outros impostos.

Há duas semanas, o governo editou um decreto zerando os impostos PIS e Cofins do diesel, o que representaria uma redução também de R$ 0,32 no preço final do combustível, pelos cálculos do Ministério da Fazenda. E também publicou essa M",2026-03-26 21:43:59+00:00,https://neofeed.com.br/poder/na-esteira-do-diesel-congresso-se-articula-para-estender-beneficio-aos-biocombustiveis/,cnnbrasil
Prisão domiciliar de Bolsonaro: Secretaria do DF organiza transferência,"Órgãos de segurança pública do Distrito Federal já receberam ordens para preparar a transferência do ex-presidente, que deverá usar tornozeleira eletrônica","Órgãos de segurança pública do Distrito Federal já receberam ordens para preparar a transferência do ex-presidente, que deverá usar tornozeleira eletrônica

A Secretaria de Segurança Pública de Brasília informou que já determinou que os órgãos responsáveis organizem a transferência do ex-presidente Jair Bolsonaro (PL) para prisão domiciliar temporária. A decisão vem após determinação do ministro Alexandre de Moraes, do STF (Supremo Tribunal Federal), que concedeu a medida em caráter humanitário por 90 dias.

De acordo com o secretário de Segurança Pública do Distrito Federal, Sandro Avelar, a ordem já foi distribuída para a Seape-DF (Secretaria de Administração Penitenciária), para a Polícia Militar do Distrito Federal e para outras áreas internas da própria Secretaria de Segurança que precisarão tomar providências.

Entre as medidas a serem implementadas está a instalação de tornozeleira eletrônica em Bolsonaro. Segundo apuração, já ficou decidido que o ex-presidente não precisará ser levado até a Seape-DF, pois a tornozeleira será levada até ele. No entanto, ainda não está definido se a instalação ocorrerá no hospital onde ele se encontra ou na residência após receber alta.

Defesa apresenta listas exigidas pelo STF

A defesa de Bolsonaro já cumpriu parte das determinações do ministro Alexandre de Moraes, informando os nomes das pessoas que poderão frequentar a residência do ex-presidente. Entre os oito advogados listados estão Paulo da Cunha Bueno e Celso Sanchez Vilardi, que defenderam Bolsonaro durante o julgamento da tentativa de golpe, além do senador Flávio Bolsonaro (PL-RJ), filho do ex-presidente.

Também foram apresentados os nomes de 12 empregados que atuam na casa, incluindo motoristas e os agentes de segurança aos quais Bolsonaro tem direito como ex-presidente. Alexandre de Moraes permitiu que esses agentes voltem a atuar na segurança de Bolsonaro, mas exigiu que os nomes fossem cadastrados no Supremo.

Os advogados ainda deverão apresentar a lista de ",2026-03-26 17:23:03-03:00,https://www.cnnbrasil.com.br/politica/prisao-domiciliar-de-bolsonaro-secretaria-do-df-organiza-transferencia/,cnnbrasil
Viana diz que Gilmar tem razão sobre vazamentos e cobra investigação,Presidente da CPMI concorda com críticas do STF e diz que origem dos vazamentos segue desconhecida,"Presidente da CPMI concorda com críticas do STF e diz que origem dos vazamentos segue desconhecida

Viana diz que Gilmar tem razão sobre vazamentos e cobra investigação

O presidente da CPMI (Comissão Parlamentar Mista de Inquérito) do INSS, senador Carlos Viana (Podemos-MG), afirmou nesta quinta-feira (26), que o ministro Gilmar Mendes, do STF (Supremo Tribunal Federal), está coberto de razão ao criticar os vazamentos de dados e conversas íntimas no âmbito das investigações da comissão.

""O ministro Gilmar Mendes está coberto de razão quando diz que vazamentos não colaboram para a investigação"", declarou Viana logo após a Corte formar maioria para barrar a prorrogação dos trabalhos do colegiado.

Mais cedo, o ministro definiu como ""vexame"" o vazamento de dados e conversas íntimas durante a CPMI. O magistrado afirmou que parlamentares deveriam se desculpar pelo ocorrido.

Viana destacou, portanto, que, apesar de concordar com a crítica do decano, é preciso apontar quem vazou.

""É uma crítica valida, mas que precisa apontar os culpados"", disse Viana. Segundo o senador, nunca saiu uma informação incorreta da presidência do colegiado, porém, as até o momento, as fontes do vazamento não foram identificadas.

A PF (Polícia Federal) interceptou uma série de mensagens do ex-banqueiro Daniel Vorcaro. Parte dos diálogos tornados públicos não tinha relação com a investigação e envolvia conversas de caráter privado, algumas de natureza íntima, do empresário.",2026-03-26 19:00:34-03:00,https://www.cnnbrasil.com.br/politica/viana-diz-que-gilmar-tem-razao-sobre-vazamentos-e-cobra-investigacao/,cnnbrasil
STF barra prorrogação da CPMI do INSS,"Oito ministros foram contra a liminar concedida por André Mendonça; com isso, comissão deve ser encerrada até o próximo sábado (28)","STF tem maioria para derrubar prorrogação da CPMI do INSS | HORA H

STF tem maioria para derrubar prorrogação da CPMI do INSS | HORA H

Oito ministros foram contra a liminar concedida por André Mendonça; com isso, comissão deve ser encerrada até o próximo sábado (28)

O STF (Supremo Tribunal Federal) derrubou nesta quinta-feira (26) a liminar do ministro André Mendonça que determinava a prorrogação da CPMI do INSS. Com a decisão, a comissão — que avançava sobre o caso Master — deve encerrar os trabalhos até o próximo sábado (28).

O placar foi de 8 a 2 contra a extensão da CPMI.

Veja como votaram os ministros:

Contra a prorrogação:

Flávio Dino

Alexandre de Moraes

Cristiano Zanin

Nunes Marques

Dias Toffoli

Cármen Lúcia

Gilmar Mendes

Edson Fachin

A favor da prorrogação:

André Mendonça

Luiz Fux

Com o prazo de funcionamento prestes a encerrar, a cúpula da CPMI apresentou no Supremo um mandado de segurança para pedir a continuidade dos trabalhos. Na segunda-feira (23), Mendonça deu aval para a prorrogação ao reconhecer “omissão deliberada” do presidente do Senado, Davi Alcolumbre (União-AP).

Ao permitir a continuidade da comissão de forma monocrática e em caráter liminar, o ministro pediu o agendamento de uma sessão do plenário para que os colegas confirmassem sua decisão, o que não aconteceu.

O julgamento desta quinta (26) girou em torno da discussão sobre se a prorrogação de uma comissão parlamentar é uma garantia das minorias parlamentares, como fundamentou Mendonça.

A maioria dos ministros entendeu que não. O argumento foi de que há uma ampla jurisprudência no STF para garantir a instalação de CPMIs pelas minorias parlamentares, mas não para prorrogá-las, função que caberia apenas ao presidente do Congresso.

Avanço sobre o Caso Master

Instalada em agosto de 2025, a CPMI apura o esquema de fraudes a aposentadorias e pensões de segurados do INSS. Nos últimos meses, a cúpula passou a avançar sobre o Caso Master após as investigações apontarem irregula",2026-03-26 17:58:40-03:00,https://www.cnnbrasil.com.br/politica/stf-derrubada-prorrogacao-da-cpmi-do-inss/,cnnbrasil
Palantir: conheça empresa que fornecerá IA para as forças armadas dos EUA,"Entenda o que é a Palantir Technologies, empresa de análise de dados que ganhou destaque com contratos em defesa, segurança e IA militar","Entenda mais sobre a empresa Palantir, que fornece sistemas de IA para o Pentágono

Entenda o que é a Palantir Technologies, empresa de análise de dados que ganhou destaque com contratos em defesa, segurança e IA militar

Para algumas pessoas, o nome Palantir pode não soar estranho. Trata-se de um objeto mágico que aparece nos livros e filmes da saga ""O Senhor dos Anéis"", criada por J.R.R. Tolkien. O termo também inspirou a empresa norte-americana Palantir Technologies, que atua na área de análise de dados.

A empresa já existe há alguns anos, mas ganhou mais visibilidade recentemente ao ampliar sua atuação em projetos de segurança e defesa, especialmente em parcerias com o governo dos Estados Unidos.

O que é a Palantir Technologies

No universo criado por Tolkien em ""O Senhor dos Anéis"", a Palantír é uma esfera mágica capaz de mostrar o que acontece em lugares distantes, quase em tempo real.

Inspirada nesse conceito, a empresa Palantir foi criada com a proposta de “enxergar” melhor os dados, ajudando a interpretar informações estratégicas a partir de grandes volumes de dados.

A companhia foi fundada em 2003 por Peter Thiel, Alex Karp, Joe Lonsdale, Stephen Cohen e Nathan Gettings. Thiel já era um nome conhecido na indústria de tecnologia por ser um dos fundadores do PayPal; inclusive, a empresa surgiu a partir de tecnologias de segurança desenvolvidas no próprio PayPal.

O que a Palantir faz?

Num contexto geral, a Palantir Technologies desenvolve softwares especializados em analisar grandes volumes de dados e identificar padrões com mais rapidez e escala do que analistas humanos conseguiriam fazer.

Paradoxalmente, essas ferramentas já contribuíram para áreas como a saúde, mas também são utilizadas no auxílio de tomada de decisões em contextos de defesa e operações militares.

Em ""O Senhor dos Anéis"", o objeto mágico Palantir foi utilizado pelo mago das trevas Saruman • Reprodução/New Line Cinema

Por exemplo, a empresa mantém uma parceria com o Serviço Naciona",2026-03-26 04:00:00-03:00,https://www.cnnbrasil.com.br/tecnologia/palantir-conheca-empresa-que-fornecera-ia-para-as-forcas-armadas-dos-eua/,cnnbrasil
"Caiado diz que mantém opções abertas, de chapa pura a alianças com partidos",Governador de Goiás concede primeira entrevista após desistência de Ratinho Jr. ao Palácio do Planalto,"Governador de Goiás concede primeira entrevista após desistência de Ratinho Jr. ao Palácio do Planalto

O governador de Goiás, Ronaldo Caiado, disse que mantém as opções abertas, desde a formação de uma chapa pura até a construção de alianças com outros partidos, em entrevista à CNN nesta quinta-feira (26), após a desistência de Ratinho Jr. de disputar a Presidência da República.

A declaração é a primeira, após o governador do Paraná anunciar que não será candidato ao Palácio do Planalto e que cumprirá seu mandato à frente do estado. A desistência acontece momentos antes do anúncio aguardado pelo PSD sobre a escolha de quem será, ou seria, o candidato da chamada terceira via nas eleições de outubro.

Questionado sobre a possibilidade de uma chapa pura ou de parcerias com outras legendas, Caiado afirmou que o cenário ainda está em aberto.

“Está tudo em aberto, está tudo em aberto, não tem nada fechado. O que nós temos é essa primeira etapa. A partir daí vamos buscar outros partidos, sim”, enfatizou.

O governador também destacou a intenção de ampliar o diálogo político para a construção de uma candidatura.

“Olha, a aliança é sempre bem-vinda num processo, vamos buscar aliados dos demais partidos e vamos realmente começar o jogo. É isso que eu fato. Agora aos poucos vamos construindo uma chapa”, comentou à CNN.

*Publicado por João Scavacin, da CNN Brasil",2026-03-26 14:33:34-03:00,https://www.cnnbrasil.com.br/eleicoes/caiado-diz-que-mantem-opcoes-abertas-de-chapa-pura-a-aliancas-com-partidos/,cnnbrasil
Sentença diz que crime cometido por Zambelli também é previsto na Itália,Documento ao qual a CNN teve acesso aponta que não há impedimentos para extradição de ex-deputada federal,"Documento ao qual a CNN teve acesso aponta que não há impedimentos para extradição de ex-deputada federal

Sentença diz que crime cometido por Zambelli também é previsto na Itália

A sentença da Corte de Apelação da Itália que decidiu pela extradição da ex-deputada federal Carla Zambelli aponta que os crimes cometidos pela brasileira também estão previstos no código penal italiano.

No documento de 35 páginas, ao qual a CNN teve acesso, a Justiça da Itália diz que ""considerou legal o pedido de extradição"" solicitado pelo governo brasileiro.

""Os fatos descritos configuram crime tanto no Brasil quanto na Itália e não há impedimentos jurídicos para a extradição. O tratado bilateral permite a entrega da acusada às autoridades brasileiras"", ressalta.

A sentença determina ainda que a extradição seja encaminhada ao Ministério da Justiça da Itália, que dará a palavra final administrativa sobre a entrega de Zambelli às autoridades brasileiras.

A expectativa é que Zambelli retorne ao Brasil ainda neste ano e fique presa na Penitenciária Feminina do Distrito Federal, também conhecida como Colmeia.

À CNN, a defesa de Carla Zambelli disse que pretende recorrer à Corte de Apelação da Itália.

Condenada pelo STF (Supremo Tribunal Federal) em dois processos, a parlamentar está presa na Itália desde 29 de julho de 2025.",2026-03-26 14:13:30-03:00,https://www.cnnbrasil.com.br/politica/sentenca-diz-que-crime-cometido-por-zambelli-tambem-e-previsto-na-italia/,cnnbrasil
Gilmar Mendes questiona métodos da CPMI e classifica vazamentos como crime,Ministro critica quebra de sigilo sem fundamentação e cita episódio envolvendo mensagens de Daniel Vorcaro,"Ministro critica quebra de sigilo sem fundamentação e cita episódio envolvendo mensagens de Daniel Vorcaro

O ministro Gilmar Mendes, do STF (Supremo Tribunal Federal), criticou nesta quinta-feira (26) a forma de atuação da CPMI do INSS e classificou como crime o vazamento de informações sigilosas no âmbito da comissão.

A manifestação ocorreu durante o julgamento no plenário que analisa a decisão do ministro André Mendonça sobre a prorrogação da CPMI. O relator foi o primeiro a votar e já se manifestou pele referendo da liminar, propondo a prorrogação por 60 dias.

Ao pedir a palavra durante o voto do ministro Flávio Dino, Gilmar afirmou que, embora as comissões parlamentares tenham poderes de investigação equivalentes aos de autoridades judiciais, esses instrumentos devem ser exercidos com fundamentação e responsabilidade.

O ministro criticou a chamada “quebra de sigilo conglobada”, sem individualização ou justificativa adequada, e disse que a prática é inconstitucional.

“Autoridades judiciais decidem com fundamento. Um juiz que decide sem fundamentação produziu um nada jurídico”, afirmou.

Gilmar também afirmou que o compartilhamento e a divulgação de dados sigilosos obtidos em investigações configuram crime.

“É deplorável que quebrem sigilo e divulguem. Vazem. Abominável. É crime”, disse.

Não é a primeira vez que o decano sobe o tom e critica os vazamentos. No início de março, Gilmar afirmou que a exposição de conversas privadas é uma ""gravíssima violação ao direito à intimidade"".

A declaração foi feita nas redes sociais do ministro, ao comentar sobre a intenção da empresária Martha Graeff de acionar a Justiça após a divulgação de mensagens íntimas com o ex-banqueiro Daniel Vorcaro.",2026-03-26 16:42:05-03:00,https://www.cnnbrasil.com.br/politica/gilmar-mendes-questiona-metodos-da-cpmi-e-classifica-vazamentos-como-crime/,cnnbrasil
CPMI do INSS deve pedir indiciamento de um senador e dois deputados,Relatório final aponta indícios contra parlamentares; comissão ainda tem dúvidas do possível envolvimento do empresário no escândalo; Lulinha é dúvida,"Relatório final aponta indícios contra parlamentares; comissão ainda tem dúvidas do possível envolvimento do empresário no escândalo; Lulinha é dúvida

CPMI do INSS deve pedir indiciamento de um senador e dois deputados

O relator da CPMI do INSS, deputado Alfredo Gaspar (União-AL), deve pedir, em seu relatório final, o indiciamento do senador Weverton Rocha (PDT-MA) e dos deputados federais Euclydes Pettersen (Republicanos-MG) e Maria Gorete Pereira (MDB-CE).

Há dúvida, ainda, se o texto trará o pedido de indiciamento do empresário Fabio Luís Lula da Silva, o Lulinha. A CPMI teve dificuldades em avançar nas apurações sobre se ele recebeu “mesadas” ou teve viagens de luxo bancadas pelo empresário Antônio Camilo Antunes, conhecido como “careca do INSS”, apontado como um dos principais operadores do esquema.

Embora haja, na cúpula da comissão, a percepção de que ele seria o “filho do rapaz” mencionado pelo Careca do INSS em mensagens captadas pela Polícia Federal como destinatário de pagamentos, a avaliação é de que não é possível cravar essa identificação. A defesa de Lulinha nega que seja ele.

O relatório deverá ser lido nesta sexta-feira, após o STF (Supremo Tribunal Federal) decidir não referendar a decisão do ministro André Mendonça que prorrogava os trabalhos da CPMI.

Em relação ao senador Weverton, que foi um dos alvos da Operação Sem Desconto, da Polícia Federal, em dezembro, a avaliação é de que há indícios suficientes para o indiciamento. Segundo a PF, ele seria um “sócio oculto” do esquema de fraudes no INSS e uma “liderança e sustentáculo” das atividades empresariais e financeiras do Careca do INSS.

O parlamentar é vice-líder do governo do preside

nte Luiz Inácio Lula da Silva (PT) e relata pautas relevantes no Senado, como a indicação de Jorge Messias ao STF e a revisão da Lei do Impeachment.

Sobre a deputada Maria Gorete Pereira (MDB-CE), o relatório deve apontar que ela integrava um grupo criminoso ligado às fraudes no INSS, com atuação na articu",2026-03-26 18:43:51-03:00,https://www.cnnbrasil.com.br/blogs/caio-junqueira/politica/cpmi-do-inss-avanca-para-indiciamentos-lulinha-e-duvida/,cnnbrasil
"Hotéis que hospedam militares dos EUA podem ser “alvos legítimos”, diz Irã","Locais usados pelas forças americanas não se limitam ao Bahrein e aos Emirados Árabes Unidos, informou a agência de notícias semioficial iraniana Fars","Locais usados pelas forças americanas não se limitam ao Bahrein e aos Emirados Árabes Unidos, informou a agência de notícias semioficial iraniana Fars

O Irã emitiu um alerta para operadores do setor hoteleiro em todo o Oriente Médio, alegando que hotéis e outras instalações civis usadas para abrigar militares americanos podem ser considerados “alvos legítimos de defesa” caso essa atividade continue.

A agência de notícias semioficial iraniana Fars, citando “fontes informadas”, afirmou que os locais usados ​​por militares americanos “não se limitam” ao Bahrein e aos Emirados Árabes Unidos.

A agência alegou que locais alternativos de acomodação para forças estrangeiras foram identificados em outras partes da região, incluindo Síria, Líbano e Djibuti.

As fontes citadas pela Fars, que é próxima à Guarda Revolucionária Islâmica, disseram que o alerta do Irã aos operadores de hotéis é “abrangente e definitivo”.

A agência afirmou que qualquer instalação que abrigue militares estrangeiros — “independentemente de sua localização geográfica” — será tratada como um alvo legítimo caso a suposta atividade não seja interrompida imediatamente.

Nesta quinta-feira (26), o ministro das Relações Exteriores do Irã, Abbas Araghchi, afirmou em uma publicação na rede social X que tropas americanas deixaram bases militares em países árabes do Golfo Pérsico pertencentes ao CCG (Conselho de Cooperação do Golfo) e estão se hospedando em hotéis e escritórios.

“Desde o início desta guerra, soldados americanos fugiram de bases militares no CCG para se esconder em hotéis e escritórios”, escreveu Araghchi, alegando que as forças americanas estão usando “cidadãos do CCG como escudos humanos”. Ele pediu que hotéis nos países do Golfo negassem reservas a militares americanos.

A CNN não conseguiu verificar de forma independente as alegações da reportagem da Fars nem as declarações de Araghchi. Autoridades americanas e do CCG não se manifestaram publicamente.

O que está acontecendo no Oriente M",2026-03-26 18:45:05-03:00,https://www.cnnbrasil.com.br/internacional/hoteis-que-hospedam-militares-dos-eua-podem-ser-alvos-legitimos-diz-ira/,cnnbrasil
Messi supera marca de Pelé e pode ultrapassar outro brasileiro,Confira o Stories: Messi supera marca de Pelé e pode ultrapassar outro brasileiro . Acesse a CNN Brasil e confira nossos Web Stories exclusivos.,"Aos 38 anos, o argentino chegou ao 71º gol de falta na carreira ao marcar aos 61 minutos, em cobrança de falta que resultou no empate em 2 a 2",Data Indisponível,https://stories.cnnbrasil.com.br/esportes/messi-supera-marca-de-pele-e-pode-ultrapassar-outro-brasileiro/,cnnbrasil
A educação brasileira na próxima década: o que propõe o novo PNE,"Projeto, que define as diretrizes para políticas públicas voltadas à sala de aula, segue para sanção do presidente Lula","Inep publicará relatórios de monitoramento a cada dois anos, com a primeira divulgação prevista para março de 2027

Projeto, que define as diretrizes para políticas públicas voltadas à sala de aula, segue para sanção do presidente Lula

A educação brasileira na próxima década: o que propõe o novo PNE

O PNE (Plano Nacional de Educação), que agora aguarda sanção do presidente Luiz Inácio Lula da Silva, “

A CE (Comissão de Educação e Cultura) do Senado Federal aprovou, nesta quarta-feira (25), o texto-base do novo PNE (Plano Nacional de Educação). A proposta estabelece as diretrizes, metas e estratégias que guiarão as políticas educacionais brasileiras pelos próximos dez anos (2026-2036).

Como o plano anterior expirou em 2025, o país encontrava-se sem um norte legal para o setor. O texto agora segue para a sanção do presidente Luiz Inácio Lula da Silva.

Investimento progressivo e Custo Aluno Qualidade

Um dos pontos centrais da nova lei é a retomada do compromisso de financiamento. O PNE prevê que o investimento público em educação, atualmente em 5,5% do PIB (Produto Interno Bruto), suba gradualmente para 7,5% em sete anos, atingindo 10% ao final da década.

O referencial para esse gasto será o CAQ (Custo Aluno Qualidade), visando equiparar o investimento brasileiro à média dos países da OCDE em cinco anos.

Prioridades: da creche à alfabetização

O plano se divide em 19 objetivos e 73 metas. Na educação infantil, o foco é a universalização da pré-escola (4 e 5 anos) em até dois anos e a ampliação das creches para atender 60% das crianças de até 3 anos.

No ensino fundamental, a meta de alfabetização tornou-se mais rigorosa:

Em 5 anos: 80% das crianças alfabetizadas (leitura, escrita e matemática) até o fim do 2º ano.

Em 10 anos: 100% de alfabetização na idade certa.

Tempo integral e conectividade

A estrutura das escolas também passará por transformações. O PNE projeta que 65% das unidades públicas ofereçam tempo integral até 2036, atendendo metade dos estudant",2026-03-26 18:34:06-03:00,https://www.cnnbrasil.com.br/educacao/a-educacao-brasileira-na-proxima-decada-o-que-propoe-novo-pne/,cnnbrasil
Teste rápido de dengue passa a integrar tabela do SUS,Exame pode ser feito em postos de saúde e hospitais da rede pública,"Exame pode ser feito em postos de saúde e hospitais da rede pública

O Ministério da Saúde (MS) incorporou o teste rápido para o diagnóstico da dengue na tabela de procedimentos custeados pelo Sistema Único de Saúde (SUS) .

A inclusão do Teste Rápido de Dengue NS1 está publicada no Diário Oficial da União desta quinta-feira (26).

O método pode detectar a presença no sangue da proteína específica liberada pelo vírus da dengue (antígeno NS1) logo no início da infecção, diferentemente dos exames de anticorpos (sorologia), que acusam o diagnóstico positivo para a doença somente após o corpo reagir ao vírus (geralmente após o sexto dia de infecção).

O Ministério da Saúde informou que, desde 2024, compra e distribui os testes aos estados, ofertados em ambulatórios de postos de saúde e em hospitais da rede pública de saúde .

A solicitação do teste pode ser feita por médicos, enfermeiros, biomédicos e técnicos de enfermagem para pacientes de todas as idades.

A norma já está em vigor.

Vantagens

A identificação rápida da doença pode ocorrer já nos primeiros dias após o surgimento dos sintomas característicos da infecção viral, como febre alta, dor no corpo e mal-estar.

O teste rápido da dengue não exclui a necessidade de buscar atendimento médico e poderá contribuir para o acompanhamento do profissional de saúde.

Com o resultado, o médico poderá detectar precocemente sinais de alerta, como a queda de plaquetas no sangue e o risco de evolução para a dengue hemorrágica.

O diagnóstico antecipado também garante maior precisão à vigilância epidemiológica sobre a circulação do vírus.

Como funciona

O teste funciona por imunocromatografia. O dispositivo reage à presença do antígeno do vírus e o resultado fica pronto em poucos minutos.

Para a realização do exame, é necessária uma pequena amostra de sangue da pessoa com suspeita de estar com dengue, obtida apenas por um furo na ponta do dedo para a coleta do material.

É importante destacar que o teste de dengue não identi",2026-03-26 14:35:44-03:00,https://www.cnnbrasil.com.br/saude/sus-passa-a-oferecer-teste-rapido-de-dengue/,cnnbrasil
Tarcísio reage a Lula e diz estar “acostumado às bobagens” do presidente,"Governador afirmou ainda que o petista ""não tem o que mostrar"" e 'vive de narrativa e propaganda""","Governador afirmou ainda que o petista ""não tem o que mostrar"" e 'vive de narrativa e propaganda""

Tarcísio reage a Lula e diz estar “acostumado às bobagens” do presidente

O governador de São Paulo, Tarcísio de Freitas (Republicanos), afirmou, nesta quinta-feira (26), que não se incomoda com as ""bobagens"" que o presidente Luiz Inácio Lula da Silva (PT) fala. A declaração foi uma resposta a reclamação petista sobre a ausência do governador em um evento promovido pelo Planalto no estado paulista.

""Eu não fico chateado, absolutamente. Eu estou acostumado a ouvir as bobagens dele, isso realmente não me incomoda. Quem não tem o que mostrar, tem que viver de narrativa, tem que viver de propaganda. O cidadão não se enxerga mais na propaganda"", disse o governador durante a assinatura para aporte de subídios para 12 mil novas unidades.

""Aí a pessoa vai na inauguração de uma instalação de trem, ou vai na própria inauguração de um trecho do Rodoanel pra dizer: 'Olha, o BNDES emprestou dinheiro para a concessionária, o governo federal fez', fez coisa nenhuma. Não modelou, não fez projeto, não executou"", continuou Tarcísio.

Durante visita à instalação da fábrica de trens da CRRC, em Araraquara (SP), na última quarta-feira (25), Lula lamentou a ausência de Tarcísio.

“Lamento profundamente que o governador não esteja aqui. Ele poderia falar o que ele quisesse, mas é um investimento de quase R$ 7 bilhões para São Paulo. Para gerar emprego, para trazer tecnologia”, disse Lula.

O presidente também afirmou que Tarcísio pode o “xingar” a vontade, mas, antes, deve falar a verdade sobre os projetos estaduais financiados pelo governo federal.

A visita de Lula marca a instalação da fábrica de trens da CRRC Brasil Equipamentos Ferroviários, em Araraquara (SP), que produzirá os equipamentos utilizados na expansão da Linha 2 do metrô paulista e no Trem Intercidades (SP-Campinas).

Os dois projetos estão entre os prioritários do governo Tarcísio, que são bandeiras da campanha à reeleiçã",2026-03-26 16:25:25-03:00,https://www.cnnbrasil.com.br/politica/tarcisio-reage-a-lula-e-diz-estar-acostumado-as-bobagens-do-presidente/,cnnbrasil
"IA não substitui trabalho humano, mas potencializa, diz diretor da Unilever","Ao CNN Cast, Antonio Santos ainda afirmou que maior acessibilidade às ferramentas de inteligência artificial dificulta diferenciação das marcas no mercado","Ao CNN Cast, Antonio Santos ainda afirmou que maior acessibilidade às ferramentas de inteligência artificial dificulta diferenciação das marcas no mercado

IA não substitui trabalho humano, mas potencializa, diz diretor da Unilever

O diretor de marketing da Unilever, Antonio Santos, afirmou que a inteligência artificial não vai substituir o papel dos humanos, mas sim potencializar o trabalho já feito, ao mesmo tempo em que amplia o acesso aos processos criativos.

""A maior acessibilidade da IA torna o processo criativo algo blasé, que todo mundo tem o direito de fazer e usar"", explicou Santos.

""E como as marcas conseguem se destacar? Acredito que apenas aquelas que conseguirem entender verdadeiramente os elementos culturais que fazem com que elas tenham um apelo, vão conseguir sair desse mar de mesmice"", diz Santos.

O executivo ainda destacou a estratégia de ""social and digital first"" da Unilever.

""Criamos desejo em escala, nossas marcas estão em muitos lares no Brasil. Para isso, precisamos estar onde nossos consumidores estão. E, hoje, eles estão em todos os lugares, mas, especialmente, via mídias sociais.""

A CNN Brasil participou nesta quinta-feira (26) do CMO Summit com o estúdio de vidro do CNN Cast, parceria de mídia da emissora com grandes marcas para coberturas de evento com relevância para a sociedade e o mercado.",2026-03-26 18:42:58-03:00,https://www.cnnbrasil.com.br/economia/negocios/ia-nao-substitui-trabalho-humano-mas-potencializa-diz-diretor-da-unilever/,cnnbrasil
Amazonas oferece mais de 20 mil vagas em cursos técnicos gratuitos,Centro de Educação Tecnológica do Amazonas abre inscrições para qualificação profissional a distância,"O Governo do Amazonas, por meio do Cetam (Centro de Educação Tecnológica do Amazonas), anunciou a abertura de 20.900 vagas para cursos gratuitos de qualificação profissional na modalidade de ensino a distância (EaD).

A oferta é a primeira do ano e destina-se prioritariamente a residentes do estado do Amazonas.

As inscrições serão realizadas exclusivamente pela internet, com um período limitado entre esta quinta (26) e sexta-feira (27). Os interessados devem acessar o portal oficial do Cetam para efetuar o cadastro.

As mais de 20 mil vagas estão distribuídas em 21 cursos autoinstrucionais, o que significa que não há necessidade de tutor ou professor mediador.

Os cursos serão conduzidos por meio do Ambiente Virtual de Aprendizagem (AVA), proporcionando flexibilidade aos alunos em todos os municípios do estado. O Cetam não cobra taxa de inscrição ou mensalidades.

A oferta abrange áreas estratégicas, incluindo:

Tecnologias digitais aplicadas ao turismo

Técnicas de oratória e comunicação eficaz

Saberes docentes na educação profissional e tecnológica (EPT)

Noções de segurança do trabalho

Desenvolvimento de aplicativos digitais

Para se candidatar, é necessário atender à idade mínima e à escolaridade exigida para cada curso, conforme detalhado nos anexos do edital. Cada candidato pode se inscrever em apenas um curso por CPF.

Inscrições para cursos gratuitos do Cetam",2026-03-26 14:17:44-03:00,https://www.cnnbrasil.com.br/educacao/amazonas-oferece-mais-de-20-mil-vagas-em-cursos-tecnicos-gratuitos/,cnnbrasil
